EmployeeFirstName,EmployeeLastName,Company,Position,StartDate
Megan,Mccoy,Brown-Miles,Product manager,2021-03-31
Katherine,Bruce,Rose-Freeman,Plant breeder/geneticist,2022-01-01
Robert,Sanchez,"Munoz, Smith and Williams",Pensions consultant,2020-05-21
Jonathan,Dennis,Collins-Owens,Air traffic controller,2020-10-15
William,Wilson,Lopez-Key,Research scientist (maths),2023-05-22
Richard,Robinson,"Irwin, Monroe and Anderson","Journalist, broadcasting",2020-06-17
Kristen,Norton,Morales Ltd,Forensic psychologist,2021-03-06
Kevin,Cook,Stewart-Lewis,Careers information officer,2020-06-23
Thomas,Cabrera,"Fischer, Baird and Lowe",Management consultant,2022-05-17
Brandy,Garcia,"Davis, Wilson and Banks",Building services engineer,2022-07-29
Rebecca,Thomas,Ramirez-Good,Community development worker,2022-12-05
William,Wolfe,Alvarez Group,Mechanical engineer,2020-08-27
Juan,Williams,"Miller, Hill and Chavez",Air traffic controller,2023-05-21
Katelyn,Berry,Callahan and Sons,Location manager,2022-12-27
Christine,Kent,"Meyer, Curtis and Reed",Magazine features editor,2021-11-24
John,Ferguson,Ramirez Inc,"Editor, magazine features",2021-09-11
Renee,Becker,Williams Ltd,Administrator,2020-10-14
Tonya,Johnson,Grant-Potts,Exercise physiologist,2023-04-07
Lisa,Reid,"Browning, Williams and Curry",Medical secretary,2021-10-17
Rachel,Obrien,"Lawson, Simpson and Schneider",Building services engineer,2021-11-01
Kyle,Johnston,Bowman-Watson,"Therapist, occupational",2020-09-28
Jessica,Myers,"Thompson, Bennett and Carter",Customer service manager,2021-01-20
Rachel,Wood,Hernandez LLC,"Engineer, maintenance (IT)",2021-12-05
Gabriella,Hooper,Clarke-Higgins,"Accountant, chartered certified",2021-06-12
Thomas,Johnson,Chan-Johnson,"Engineer, energy",2022-03-23
Craig,Smith,Martin-Holden,Community pharmacist,2020-08-09
Ryan,Woodward,Ward-Hays,Actor,2021-07-06
Cheryl,Lopez,Carter Group,Hospital doctor,2021-12-19
Robin,Martinez,"Allen, Williams and White","Merchandiser, retail",2022-09-08
Tammy,Clark,"Chandler, Turner and Houston",Agricultural consultant,2022-09-17
Thomas,Owen,Perry-Garcia,Trade union research officer,2020-05-14
Michelle,Giles,Wells-Randall,"Exhibitions officer, museum/gallery",2022-01-20
Jorge,Johnson,Martinez-Wilson,Curator,2023-03-18
Linda,Coleman,Simmons-Turner,"Embryologist, clinical",2020-11-12
Ana,Garcia,"Mcdaniel, Moore and Jackson",Professor Emeritus,2021-04-02
Alexis,Green,"Bennett, Villegas and Fowler","Clinical scientist, histocompatibility and immunogenetics",2020-01-03
Jennifer,Walker,Morton and Sons,Publishing rights manager,2023-07-13
Raymond,Lucas,"Walker, Cruz and Garcia",Local government officer,2022-12-21
Mallory,Bell,"Stone, West and Burns",Further education lecturer,2021-11-28
Elizabeth,White,"Klein, Robinson and Miller","Conservator, furniture",2022-08-19
Aaron,Gordon,Hinton LLC,Air broker,2021-12-18
Tristan,Williams,"Waters, Reynolds and Howard","Engineer, manufacturing",2020-01-13
Mikayla,Garcia,Short Ltd,Medical illustrator,2020-12-05
John,Mcneil,Leach Group,Legal executive,2021-04-08
Mark,Gonzalez,"Harris, Crawford and Scott",Public librarian,2020-06-26
Monica,Howard,"Williams, Gould and Lewis","Horticulturist, commercial",2023-04-09
James,Dennis,Garcia Group,Housing manager/officer,2022-09-03
Ashley,Massey,Ward-Wilcox,Surgeon,2021-04-12
John,Sellers,Hinton Group,"Journalist, newspaper",2022-04-26
Tammy,Jackson,Elliott Ltd,Educational psychologist,2022-08-04
Linda,Chambers,"Henderson, Boyd and Shelton","Therapist, horticultural",2020-08-30
Seth,Levy,Bass-Bolton,Catering manager,2021-10-20
Christopher,Brown,"Santiago, Harris and Lynch","Civil engineer, contracting",2023-01-02
Luke,Lowe,Smith Ltd,"Social research officer, government",2023-03-13
William,Bruce,"Nolan, Meyers and Johnson",Telecommunications researcher,2022-01-02
Sarah,Peterson,Baxter PLC,Insurance account manager,2020-05-23
Daniel,King,Kirby PLC,"Designer, graphic",2022-11-19
Andrea,Carlson,Robbins-Roman,Mudlogger,2022-02-12
Jasmine,Ramos,Marsh PLC,Data processing manager,2023-03-26
Amy,Thompson,Jones and Sons,Comptroller,2020-12-26
Lisa,Ruiz,Turner Group,Environmental health practitioner,2022-04-24
Amber,Ortiz,Atkins-Owen,Interpreter,2023-03-29
Tamara,Carroll,"Murray, Watson and Reyes",Rural practice surveyor,2021-09-21
Carrie,Romero,"Shaw, Berry and Gregory",Financial manager,2021-03-11
Briana,Collins,"Chang, Mooney and Burgess",Fast food restaurant manager,2022-09-08
Sean,Howard,Roberts PLC,Educational psychologist,2020-02-03
Caitlyn,Monroe,Petersen-Olson,"Horticulturist, amenity",2020-07-06
Paul,King,Lawson-Hall,Microbiologist,2021-02-23
Barbara,Castro,Sandoval Inc,Personnel officer,2023-10-04
Kelly,Smith,"White, Hunter and Scott",Armed forces training and education officer,2022-11-04
Jaime,Harmon,Snyder LLC,Consulting civil engineer,2020-03-03
Jacob,Rogers,Barton-Cruz,Tourist information centre manager,2020-01-01
Chloe,Williams,Brown-Davidson,Advertising art director,2021-02-02
Diane,Campbell,Allen Ltd,"Nurse, mental health",2021-09-10
Thomas,Allen,Brown-Johnson,Careers adviser,2022-03-28
Christopher,Benton,Thomas-Wu,"Buyer, industrial",2022-06-22
Katherine,Bell,"Love, Nunez and Hernandez",Consulting civil engineer,2023-01-07
Nancy,Roberts,Jenkins-Carr,Petroleum engineer,2021-09-07
Sandra,Howard,Ellis-Garcia,Hydrographic surveyor,2021-11-21
Megan,Arroyo,Smith PLC,Statistician,2020-06-07
Rachael,Schultz,"Anderson, Nguyen and Graves",Pension scheme manager,2023-03-05
Sandra,Oliver,"Reed, Reyes and Frank",Curator,2021-01-27
Amber,Baldwin,Rodriguez-Brown,"Therapist, art",2021-07-03
Peter,Hughes,"Mcdonald, Chen and Morgan","Pharmacist, hospital",2021-03-16
Janet,Perry,Montes Ltd,Hydrogeologist,2023-09-15
Joshua,Curtis,"Phillips, Sweeney and Mullen",Marine scientist,2023-03-19
Lisa,Smith,Lloyd-Stark,Chartered accountant,2022-11-10
Melissa,Lee,"Lucero, Martinez and Dalton",Fish farm manager,2020-10-31
Patty,Cook,Johnson Group,"Producer, television/film/video",2022-07-13
Brittany,Allen,Watson-Lee,Merchant navy officer,2020-05-12
Stephanie,Walsh,Clarke-Jones,Seismic interpreter,2020-02-25
Bethany,Gray,Winters Inc,Barrister,2020-04-19
Shannon,Hutchinson,Scott-Johnson,Mudlogger,2023-05-15
Donna,Carroll,"Estrada, Armstrong and Robinson",Osteopath,2021-02-11
Wendy,Perry,Frank Ltd,Actuary,2021-04-19
Sabrina,Morales,"Hale, Fisher and Torres",Pensions consultant,2022-04-08
Laura,Miles,Thomas PLC,IT sales professional,2021-06-12
Christopher,Barnes,Livingston-Walls,Prison officer,2020-07-02
Chloe,Bates,Brown-Perry,"Engineer, electronics",2022-04-03
Tom,Williams,Navarro Inc,Meteorologist,2023-08-28
