FirstName,LastName,CurrentJobTitle,ConnectionsCount,ProfileCreationDate
Megan,Mccoy,Fisheries officer,278,2022-01-25
Katherine,Bruce,"Development worker, community",82,2019-01-18
Rob,Sanchez,Broadcast journalist,182,2020-10-03
J.,Dennis,Patent examiner,409,2019-06-27
William,Wilson,Horticultural consultant,130,2020-05-09
Richard,Robinson,Heritage manager,278,2021-11-09
Kristen,Norton,"Scientist, product/process development",320,2019-04-02
Kevin,Cook,Contractor,299,2020-03-28
Thomas,Cabrera,"Teacher, secondary school",337,2020-09-30
Brandy,Garcia,"Scientist, research (medical)",359,2021-04-18
Becky,Thomas,"Engineer, materials",436,2019-07-03
William,Wolfe,Ship broker,50,2023-02-14
J.,Williams,Civil Service fast streamer,69,2021-03-08
Katelyn,Berry,Paediatric nurse,303,2021-10-07
Christine,Kents,Speech and language therapist,216,2022-04-07
J.,Ferguson,Operations geologist,209,2022-08-30
Renee,Becker,Health promotion specialist,478,2019-03-23
Tonya,Johnson,"Horticulturist, commercial",289,2023-02-26
Lisa,Reid,Private music teacher,75,2023-06-03
Rachel,Obrien,Meteorologist,464,2022-06-05
Kyle,Johnston,Tax inspector,471,2023-09-15
Jessica,Myers,Corporate investment banker,498,2022-08-19
Rachel,Wood,"Designer, graphic",465,2022-12-08
Gabriella,Hoopers,Community pharmacist,262,2020-12-06
Thomas,Johnson,Community arts worker,146,2022-10-23
C.,Smith,Museum/gallery curator,330,2020-08-06
Ryan,Woodwards,Oncologist,374,2021-08-19
Cheryl,Lopez,"Therapist, art",92,2021-01-10
Robin,Martinez,Psychotherapist,478,2019-02-15
Tammy,Clark,Corporate treasurer,421,2019-02-20
Thomas,Owen,"Surveyor, minerals",116,2019-03-19
Michelle,Giless,Hydrographic surveyor,57,2020-02-24
J.,Johnson,Manufacturing systems engineer,255,2021-09-27
Linda,Coleman,Public librarian,397,2018-10-19
Ana,Garcia,Pathologist,263,2021-03-25
A.,Green,Engineering geologist,211,2018-10-29
Jennifer,Walker,Publishing rights manager,51,2019-12-17
Raymond,Lucas,Records manager,159,2019-04-22
Mallory,Bell,Retail banker,57,2022-05-27
Liz,White,"Investment banker, corporate",417,2020-08-27
A.,Gordon,"Research officer, government",436,2022-02-19
Tristan,Williams,Best boy,51,2023-07-05
Mikayla,Garcia,"Producer, radio",471,2020-08-23
J.,Mcneils,Hydrologist,395,2022-08-16
Mark,Gonzalez,Customer service manager,320,2020-05-28
Monica,Howard,Research scientist (life sciences),363,2021-08-26
J.,Dennis,Associate Professor,100,2019-08-20
Ashley,Massey,Wellsite geologist,147,2019-06-30
J.,Sellerss,"Engineer, structural",110,2021-06-24
Tammy,Jackson,Agricultural engineer,361,2021-07-06
Linda,Chambers,Marine scientist,382,2023-04-28
Seth,Levys,Public affairs consultant,151,2022-08-22
C.,Brown,"Nurse, adult",497,2021-07-13
Luke,Lowe,Administrator,204,2020-12-08
William,Bruce,Secretary/administrator,193,2019-01-04
Sarah,Peterson,Broadcast engineer,402,2023-03-16
D.,King,Ceramics designer,143,2019-02-21
Andrea,Carlson,Nutritional therapist,101,2020-05-19
Jasmine,Ramos,Accounting technician,293,2021-11-25
Amy,Thompson,Media planner,487,2019-06-12
Lisa,Ruiz,Architectural technologist,253,2020-07-19
Amber,Ortiz,Commercial art gallery manager,371,2023-03-24
Tamara,Carroll,Web designer,91,2021-09-15
Carrie,Romero,"Accountant, chartered certified",61,2020-05-12
Briana,Collins,Geophysicist/field seismologist,190,2020-06-24
Sean,Howard,"Horticulturist, commercial",281,2020-11-25
Caitlyn,Monroe,Ergonomist,459,2021-04-30
Paul,King,Counsellor,455,2021-06-03
Barbara,Castro,"Teacher, primary school",109,2023-02-28
K.,Smith,Holiday representative,491,2022-01-14
J.,Harmon,"Engineer, aeronautical",181,2020-12-06
J.,Rogers,Civil Service fast streamer,118,2022-11-12
Chloe,Williams,Politician's assistant,384,2021-09-09
Diane,Campbell,Psychiatrist,316,2020-10-21
Thomas,Allen,Lawyer,468,2019-02-22
C.,Bentons,Music tutor,383,2021-05-14
Katherine,Bell,Dispensing optician,380,2023-06-17
Nancy,Roberts,Lawyer,227,2019-05-19
Sandra,Howard,"Pharmacist, community",108,2018-11-04
Megan,Arroyos,"Presenter, broadcasting",496,2022-09-08
Rachael,Schultz,Data scientist,129,2022-12-23
Sandra,Oliver,Product/process development scientist,192,2022-06-29
Amber,Baldwin,Data scientist,485,2019-03-03
Peter,Hughes,"Scientist, research (physical sciences)",59,2022-04-09
Janet,Perry,Interpreter,71,2022-12-18
J.,Curtis,"Conservation officer, nature",70,2022-09-06
Lisa,Smith,"Engineer, manufacturing",155,2022-07-05
Melissa,Lee,"Embryologist, clinical",398,2019-10-08
Patty,Cook,"Producer, radio",182,2019-06-29
Brittany,Allen,Magazine journalist,335,2019-06-17
Stephanie,Walsh,Neurosurgeon,211,2020-10-25
Bethany,Gray,Physiotherapist,237,2019-08-09
Shannon,Hutchinson,Regulatory affairs officer,340,2020-01-27
Donna,Carroll,Neurosurgeon,484,2022-04-15
Wendy,Perry,English as a second language teacher,71,2020-07-31
Sabrina,Morales,"Engineer, building services",483,2022-07-07
Laura,Miles,Print production planner,433,2019-06-03
C.,Barnes,"Engineer, energy",409,2022-05-25
Chloe,Bates,Theatre director,361,2023-07-09
Tom,Williams,Artist,385,2022-02-13
